CellId,GrowthRate,birthLength,LifeHistory,AverageVelocity,AverageLength,AverageOrientation
1,0.1513677359002,27.0958426321337,23,0.0730494158083608,36.0813802726595,0.526072556148017
2,0.195588892781929,26.4926072616546,23,-0.0378876703705274,33.573697398087,0.830292533924516
3,0.191842293697397,29.8101382727272,23,0.0385077771349408,37.7006982994476,-0.306872375559931
4,-0.152071085765896,64.3022310796683,23,0.0522626043830707,40.1105749963362,0.619441419189794
5,0.128100935740978,27.3048196493779,23,0.0016103140911513,32.8691346999102,-0.579657985121533
6,0.101628335440467,30.1980088633713,20,-0.0438470368798113,34.5632765841728,0.612483300538138
